delete from s_role_func;
delete from s_user_role;
delete from s_role_permission;
delete from s_funcs;
delete from s_roles;
delete from s_sys_users;

delete from r_comment;
delete from r_course_student;
delete from s_users

insert into s_sys_users (id,sysName,email,salt,passwd,state) values(1,'system','system@mail.com','3122926fd2f6f03a','111a044067c9c8bfadca2fb8a992d2ca79dcd2fc',0);
insert into s_sys_users (id,sysName,email,salt,passwd,state) values(2,'teacher','teacher@mail.com','3122926fd2f6f03a','111a044067c9c8bfadca2fb8a992d2ca79dcd2fc',0);
insert into s_sys_users (id,sysName,email,salt,passwd,state) values(3,'student','student@mail.com','3122926fd2f6f03a','111a044067c9c8bfadca2fb8a992d2ca79dcd2fc',0);

insert into s_users (id,name,sex,bod) values (1,'管理员',0,'2014-11-29 00:00:00');
insert into s_users (id,name,sex,bod) values (2,'王家林',0,'2014-11-29 00:00:00');
insert into s_users (id,name,sex,bod) values (3,'李明',0,'2014-11-29 00:00:00');

insert into s_roles (id,name,role) values (1,'系统管理员','admin');
insert into s_roles (id,name,role) values (2,'老师','teacher');
insert into s_roles (id,name,role) values (3,'学生','student');

insert into s_user_role (sysUserId,roleId) values(1,1);
insert into s_user_role (sysUserId,roleId) values(2,2);
insert into s_user_role (sysUserId,roleId) values(3,3);


insert into s_funcs(id,name,url,parent,seqNo,level,iconCls,leaf) values (1,'系统管理','',null,5,0,'fa fa-university',0);
insert into s_funcs(id,name,url,parent,seqNo,level,iconCls,leaf) values (2,'用户管理','/sys/user/list',1,5, 1,'fa fa-users',1);
insert into s_funcs(id,name,url,parent,seqNo,level,iconCls,leaf) values (3,'角色管理','/sys/role/list',1,10,1,'fa fa-user',1);
insert into s_funcs(id,name,url,parent,seqNo,level,iconCls,leaf) values (4,'功能管理','/sys/func/list',1,15,1,'fa fa-sitemap',1);
insert into s_funcs(id,name,url,parent,seqNo,level,iconCls,leaf) values (5,'权限管理','/sys/perm/list',1,20,1,'fa fa-gavel',1);

insert into s_funcs(id,name,url,parent,seqNo,level,iconCls,leaf) values (100,'资源库管理','',null,10,0,'fa fa-tachometer',0);
insert into s_funcs(id,name,url,parent,seqNo,level,iconCls,leaf) values (101,'精品课程','/res/common/classic/list',100,5,1,'fa fa-graduation-cap',1);
insert into s_funcs(id,name,url,parent,seqNo,level,iconCls,leaf) values (102,'教师空间','/res/common/personal/list',100,10,1,'fa fa-th-large',1);
insert into s_funcs(id,name,url,parent,seqNo,level,iconCls,leaf) values (103,'精品素材','/res/common/material/list',100,15,1,'fa fa-asterisk',1);
insert into s_funcs(id,name,url,parent,seqNo,level,iconCls,leaf) values (104,'精品文档','/res/common/docs/list',100,20,1,'fa fa-book',1);
insert into s_funcs(id,name,url,parent,seqNo,level,iconCls,leaf) values (105,'常用图库','/res/common/imgs/list',100,25,1,'fa fa-picture-o',1);

insert into s_funcs(id,name,url,parent,seqNo,level,iconCls,leaf) values (200,'信息发布','',null,15,0,'fa fa-info-circle',0);
insert into s_funcs(id,name,url,parent,seqNo,level,iconCls,leaf) values (201,'信息管理','/info/list',200,10,1,'fa fa-paperclip',1);
insert into s_funcs(id,name,url,parent,seqNo,level,iconCls,leaf) values (202,'公告管理','/res/notice/pageList',200,15,1,'fa fa-bookmark',1);

insert into s_funcs(id,name,url,parent,seqNo,level,iconCls,leaf) values (300,'教师空间','',null,20,0,'fa fa-home',0);
insert into s_funcs(id,name,url,parent,seqNo,level,iconCls,leaf) values (301,'我的资源','/res/space/list',300,5,1,'fa fa-puzzle-piece',1);
insert into s_funcs(id,name,url,parent,seqNo,level,iconCls,leaf) values (302,'我的课程','/res/course/list',300,10,1,'fa fa-file-text',1);

insert into s_role_func(roleId,funcId) values (1,1);
insert into s_role_func(roleId,funcId) values (1,2);
insert into s_role_func(roleId,funcId) values (1,3);
insert into s_role_func(roleId,funcId) values (1,4);
insert into s_role_func(roleId,funcId) values (1,5);
insert into s_role_func(roleId,funcId) values (1,100);
insert into s_role_func(roleId,funcId) values (1,101);
insert into s_role_func(roleId,funcId) values (1,102);
insert into s_role_func(roleId,funcId) values (1,103);
insert into s_role_func(roleId,funcId) values (1,104);
insert into s_role_func(roleId,funcId) values (1,105);
insert into s_role_func(roleId,funcId) values (1,200);
insert into s_role_func(roleId,funcId) values (1,201);

insert into s_role_func(roleId,funcId) values (2,300);
insert into s_role_func(roleId,funcId) values (2,301);
insert into s_role_func(roleId,funcId) values (2,302);

-- ----------------------------
-- Table structure for r_info
-- ----------------------------
DROP TABLE IF EXISTS `r_info`;
CREATE TABLE `r_info` (
  `id` bigint(20) NOT NULL AUTO_INCREMENT,
  `bannerNews` bit(1) NOT NULL,
  `content` longtext,
  `crtdate` datetime DEFAULT NULL,
  `crtuser` varchar(255) DEFAULT NULL,
  `imgPath` varchar(255) DEFAULT NULL,
  `publish` bit(1) NOT NULL,
  `title` varchar(255) DEFAULT NULL,
  `type` varchar(255) DEFAULT NULL,
  `shortContent` varchar(255) DEFAULT NULL,
  `readCount` bigint(20) DEFAULT '0',
  PRIMARY KEY (`id`)
) ENGINE=InnoDB AUTO_INCREMENT=20 DEFAULT CHARSET=utf8;

-- ----------------------------
-- Records of r_info
-- ----------------------------
INSERT INTO `r_info` VALUES ('1', '', '<p><span style=\"color: rgb(51, 51, 51);font-size: 14px;line-height: 22px;text-indent: 28px;font-family: 宋体\">&nbsp;&nbsp;&nbsp;&nbsp;学校定于</span><span style=\"color: rgb(51, 51, 51);font-family: Simsun;font-size: 14px;line-height: 22px;text-indent: 28px;\"><span style=\"font-family:Calibri\">5</span></span><span style=\"color: rgb(51, 51, 51);font-size: 14px;line-height: 22px;text-indent: 28px;font-family: 宋体\">月</span><span style=\"color: rgb(51, 51, 51);font-family: Simsun;font-size: 14px;line-height: 22px;text-indent: 28px;\"><span style=\"font-family:Calibri\">16</span></span><span style=\"color: rgb(51, 51, 51);font-size: 14px;line-height: 22px;text-indent: 28px;font-family: 宋体\">日进行</span><span style=\"color: rgb(51, 51, 51);font-family: Simsun;font-size: 14px;line-height: 22px;text-indent: 28px;\"><span style=\"font-family:Calibri\">2015</span></span><span style=\"color: rgb(51, 51, 51);font-size: 14px;line-height: 22px;text-indent: 28px;font-family: 宋体\">年大型招生咨询会，届时将有行业、企业专家、高级技师亲临现场，对招生政策、专业知识和就业前景进行详细解答。</span></p><p><span style=\"color: rgb(51, 51, 51);font-size: 14px;line-height: 22px;text-indent: 28px;font-family: 宋体\"></span></p><p style=\"color: rgb(51, 51, 51);font-family: Simsun;font-size: 14px;line-height: 22px;white-space: normal\"><strong><span style=\"font-family: 宋体;color: red\">当天咨询报名的学生有奖励政策！</span></strong></p><p style=\"color: rgb(51, 51, 51);font-family: Simsun;font-size: 14px;line-height: 22px;white-space: normal\"><span style=\"font-family:Calibri\">&nbsp;</span></p><p style=\"color: rgb(51, 51, 51);font-family: Simsun;font-size: 14px;line-height: 22px;white-space: normal\"><strong><span style=\"font-family: 宋体\">时间：</span></strong><span style=\"font-family:Calibri\">8:30----16:30&nbsp;&nbsp;</span></p><p style=\"color: rgb(51, 51, 51);font-family: Simsun;font-size: 14px;line-height: 22px;white-space: normal\"><strong><span style=\"font-family: 宋体\">地点：</span></strong><span style=\"font-family: 宋体\">北京市黄庄职业高中</span></p><p style=\"color: rgb(51, 51, 51);font-family: Simsun;font-size: 14px;line-height: 22px;white-space: normal\"><span style=\"font-family:Calibri\"><img border=\"0\" alt=\"\" src=\"/ueditor/jsp/upload/image/20150509/1431131292874034283.gif\" width=\"528\" height=\"373\" style=\"height: 251px;width: 331px\"/>&nbsp;&nbsp;</span></p><p style=\"color: rgb(51, 51, 51);font-family: Simsun;font-size: 14px;line-height: 22px;white-space: normal\"><strong><span style=\"font-family: 宋体\">乘车路线：</span></strong><span style=\"font-family: 宋体\">乘地铁、</span><span style=\"font-family:Calibri\">337</span><span style=\"font-family: 宋体\">、</span><span style=\"font-family:Calibri\">1</span><span style=\"font-family: 宋体\">八宝山地铁站下车，</span><span style=\"font-family:Calibri\">598</span><span style=\"font-family: 宋体\">、</span><span style=\"font-family:Calibri\">354</span><span style=\"font-family: 宋体\">、</span><span style=\"font-family:Calibri\">76</span><span style=\"font-family: 宋体\">、</span><span style=\"font-family:Calibri\">851</span><span style=\"font-family: 宋体\">、</span><span style=\"font-family:Calibri\">959</span><span style=\"font-family: 宋体\">、</span><span style=\"font-family:Calibri\">436</span><span style=\"font-family: 宋体\">、运通</span><span style=\"font-family:Calibri\">114</span><span style=\"font-family: 宋体\">吴庄站下车，</span><span style=\"font-family:Calibri\">472</span><span style=\"font-family: 宋体\">、</span><span style=\"font-family:Calibri\">663</span><span style=\"font-family: 宋体\">、莲芳东桥东站下车，</span><span style=\"font-family:Calibri\">334</span><span style=\"font-family: 宋体\">、</span><span style=\"font-family:Calibri\">527</span><span style=\"font-family: 宋体\">、</span><span style=\"font-family:Calibri\">531</span><span style=\"font-family: 宋体\">、</span><span style=\"font-family:Calibri\">545</span><span style=\"font-family: 宋体\">、</span><span style=\"font-family:Calibri\">481</span><span style=\"font-family: 宋体\">、</span><span style=\"font-family:Calibri\">046</span><span style=\"font-family: 宋体\">吴庄公交场下车，</span><span style=\"font-family:Calibri\">597</span><span style=\"font-family: 宋体\">、</span><span style=\"font-family:Calibri\">308</span><span style=\"font-family: 宋体\">、</span><span style=\"font-family:Calibri\">373</span><span style=\"font-family: 宋体\">鲁谷西口站下车，</span><span style=\"font-family:Calibri\">574</span><span style=\"font-family: 宋体\">、</span><span style=\"font-family:Calibri\">612</span><span style=\"font-family: 宋体\">莲芳东桥南站下车。</span></p><p style=\"color: rgb(51, 51, 51);font-family: Simsun;font-size: 14px;line-height: 22px;white-space: normal\"><span style=\"font-family:Calibri\">&nbsp;</span></p><p style=\"color: rgb(51, 51, 51);font-family: Simsun;font-size: 14px;line-height: 22px;white-space: normal\"><strong><span style=\"font-family: 宋体\">联系电话：</span></strong><span style=\"font-family:Calibri\">010-68666475&nbsp;</span><span style=\"font-family: 宋体\">，</span><span style=\"font-family:Calibri\">68664670</span><span style=\"font-family: 宋体\">，史老师</span><span style=\"font-family:Calibri\">15801030393</span><span style=\"font-family: 宋体\">，孙老师</span><span style=\"font-family:Calibri\">18701108365</span></p><p><span style=\"color: rgb(51, 51, 51);font-size: 14px;line-height: 22px;text-indent: 28px;font-family: 宋体\"><br/></span><br/></p>', '2015-05-09 08:28:19', 'system', '/ueditor/jsp/upload/image/20150509/pic01_509.jpg', '', '我校将于5月16日举办校园开放日', 'news', '学校定于5月16日进行2015年大型招生咨询会，届时将有行业、企业专家、高级技师亲临现场，对招生政策、专业知识和就业前景进行详细解答。', '5');
INSERT INTO `r_info` VALUES ('2', '', '<p style=\"color: rgb(51, 51, 51);font-family: Simsun;font-size: 14px;white-space: normal;line-height: 21px\"><span style=\"line-height: 24px;font-family: 宋体;font-size: 16px\">4</span><span style=\"line-height: 24px;font-family: 宋体;font-size: 16px\">月24-26日，历时三天的“北京市中等职业学校&quot;晨晓阳&quot;杯服装设计与制作专业技能大赛暨全国职业技能大赛选拔赛”落下帷幕，我校服装专业6名学生再次斩获佳绩，荣获服装工艺项目的一等奖1名，服装设计项目的二等奖2名，团体总成绩第一名的优异成绩，骆臣但、王维维两名同学获得“国赛”资格，将代表北京队进军全国大赛。</span></p><p style=\"color: rgb(51, 51, 51);font-family: Simsun;font-size: 14px;white-space: normal;line-height: 21px;text-indent: 24px\"><span style=\"line-height: 24px;font-family: 宋体;font-size: 16px\">4</span><span style=\"line-height: 24px;font-family: 宋体;font-size: 16px\">月25日，北京市中等职业学校计算机应用专业技能比赛在北京市信息管理学校（清河校区）如期举行。我校计算机网络技术专业5名学生组成两个团队，参加了“企业网络搭建及应用”、“网络综合布线技术”两个赛项的比赛。4月26日，北京市中等职业学校物联网专业技能比赛在丰台职业教育中心校举行，我校计算机网络技术专业6名学生组成两个团队，参加了“物联网技术应用与维护”“智能家居安装与维护”两个赛项的比赛。经过三个小时的紧张比赛，荣获智能家居安装维护项目二等奖，网络搭建与应用、网络综合布线技术两个项目的三等奖。</span></p><p><br/></p>', '2015-05-09 08:29:27', 'system', '/ueditor/jsp/upload/image/20150509/pic_771.jpg', '', '我校服装专业学生再获“国赛”入场资格', 'news', '历时三天的“北京市中等职业学校\"晨晓阳\"杯服装设计与制作专业技能大赛暨全国职业技能大赛选拔赛”落下帷幕，我校服装专业6名学生再次斩获佳绩，荣获服装工艺项目的一等奖1名，服装设计项目的二等奖2名，团体总成绩第一名的优异成绩，骆臣但、王维维两名同学获得“国赛”资格，将代表北京队进军全国大赛', '5');
INSERT INTO `r_info` VALUES ('3', '', '<p style=\"color: rgb(51, 51, 51);font-family: Simsun;font-size: 14px;white-space: normal;line-height: 21px;text-indent: 37px\"><span style=\"line-height: 24px;font-family: 宋体;color: black;font-size: 16px\">4</span><span style=\"line-height: 24px;font-family: 宋体;color: black;font-size: 16px\">月28日上午，黄庄职高在鲁谷校区操场举行赴台湾学习考察汇报会。石景山区台办副主任牛利华、石景山区委教工委副书记王鑫等领导出席会议。汇报会由北京市黄庄职业高中招就办主任史勃和学生会主席金宛茹主持。</span></p><p style=\"color: rgb(51, 51, 51);font-family: Simsun;font-size: 14px;white-space: normal;line-height: 21px;text-indent: 37px\"><span style=\"line-height: 24px;font-family: 宋体;color: black;font-size: 16px\">参访团团长、黄庄职高吴世霞书记首先总结了我校3月22-28日赴台考察学习的基本情况。</span><span style=\"line-height: 24px;font-family: 宋体;font-size: 16px\">作为北京市青少年涉台教育基地中唯一一所职业学校，学校一直积极探索和完善涉台教育的模式。</span><span style=\"line-height: 24px;font-family: 宋体;color: black;font-size: 16px\">此次访台是黄庄职业高中第一次带领学生走出境外，学生们第一次在境外展示自己的技能，第一次与境外师生面对面深入交流，吴书记用“圆满完成破冰之旅”总结此次台湾之行，此次破冰之旅为今后两岸师生“常态化”互访、学习搭建了平台，同时台湾职业学校开放办学的理念、国际化办学水准的追求、德育教育的实效性等也给学校带来收获和启发。</span></p><p style=\"color: rgb(51, 51, 51);font-family: Simsun;font-size: 14px;white-space: normal;line-height: 21px;text-indent: 37px\"><span style=\"line-height: 24px;font-family: 宋体;color: black;font-size: 16px\"><img border=\"0\" src=\"/ueditor/jsp/upload/image/20150509/1431131449333018857.jpg\" style=\"border-color: rgb(0, 0, 0)\"/></span></p><p style=\"color: rgb(51, 51, 51);font-family: Simsun;font-size: 14px;white-space: normal;line-height: 21px;text-indent: 37px\"><span style=\"line-height: 24px;font-family: 宋体;color: black;font-size: 16px\">&nbsp;&nbsp;&nbsp;&nbsp;&nbsp;&nbsp;&nbsp;&nbsp;&nbsp;&nbsp;&nbsp;&nbsp;&nbsp;&nbsp;&nbsp;&nbsp;&nbsp;&nbsp;&nbsp;&nbsp;&nbsp;&nbsp;&nbsp; 吴世霞书记总结赴台活动情况</span></p><p style=\"color: rgb(51, 51, 51);font-family: Simsun;font-size: 14px;white-space: normal;line-height: 21px;text-indent: 37px\"><span style=\"line-height: 24px;font-family: 宋体;color: black;font-size: 16px\">此次出访台湾的服装设计与工艺、中餐烹饪与营养膳食、美容与形象设计三个专业的师生代表分别发言，汇报了他们在台湾地区的考察成果。美容美发专业以“自信源于实力”、 服装专业以“一粒盘扣思故土，两岸交融共圆梦” 为主题，与现场观众分享了他们的所学、所感、所悟。此次台湾之行，大家更加坚定了学校在专业建设、教学改革、传统技艺继承和创新等方面的信心。同时台湾职业学校在注重专业综合素养、注重国际交流与合作等方面给专业带来诸多构想和思路。</span></p><p style=\"color: rgb(51, 51, 51);font-family: Simsun;font-size: 14px;white-space: normal;line-height: 21px;text-indent: 37px\"><span style=\"line-height: 24px;font-family: 宋体;color: black;font-size: 16px\"><img border=\"0\" src=\"/ueditor/jsp/upload/image/20150509/1431131449415080425.jpg\" style=\"border-color: rgb(0, 0, 0)\"/></span></p><p style=\"color: rgb(51, 51, 51);font-family: Simsun;font-size: 14px;white-space: normal;line-height: 21px;text-indent: 37px\"><span style=\"line-height: 24px;font-family: 宋体;color: black;font-size: 16px\">&nbsp;&nbsp;&nbsp;&nbsp;&nbsp;&nbsp;&nbsp;&nbsp;&nbsp;&nbsp;&nbsp;&nbsp;&nbsp;&nbsp;&nbsp;&nbsp;&nbsp;&nbsp;&nbsp;&nbsp; 黄庄职高服装专业师生汇报赴台心得</span></p><p style=\"color: rgb(51, 51, 51);font-family: Simsun;font-size: 14px;white-space: normal;line-height: 21px;text-indent: 37px\"><span style=\"line-height: 24px;font-family: 宋体;color: black;font-size: 16px\">行政后勤副校长冯宏霞在汇报中谈到，两岸职业教育不仅“在校企合作、理实一体和探索学历教育和职业资格证书的融合方面具有共通之处”，在“培养和市场零距离的复合型人才”方面具有相同定位，两岸职业教育同样处在“大洗牌和转轨关键时期”，同样肩负着培养技能型人才的重任，任重而道远。</span></p><p style=\"color: rgb(51, 51, 51);font-family: Simsun;font-size: 14px;white-space: normal;line-height: 21px;text-indent: 37px\"><span style=\"line-height: 24px;font-family: 宋体;color: black;font-size: 16px\">听取汇报后，区台办副主任牛利华对此次学习考察的成果给予了高度评价。</span><span style=\"line-height: 24px;font-family: 宋体;font-size: 16px\">校长倪晓辉在总结赴台师生汇报成果时指出，此次赴台交流的师生都取得了较大的成果，拓展了职业教育对台交流合作的层面，进一步推进学校对外开放办学向纵深发展。</span></p><p style=\"color: rgb(51, 51, 51);font-family: Simsun;font-size: 14px;white-space: normal;line-height: 21px;text-indent: 37px\"><span style=\"line-height: 24px;font-family: 宋体;font-size: 16px\"><img border=\"0\" src=\"/ueditor/jsp/upload/image/20150509/1431131449745080118.jpg\" style=\"border-color: rgb(0, 0, 0)\"/></span></p><p style=\"color: rgb(51, 51, 51);font-family: Simsun;font-size: 14px;white-space: normal;line-height: 21px;text-indent: 37px\"><span style=\"line-height: 24px;font-family: 宋体;font-size: 16px\">&nbsp;&nbsp;&nbsp;&nbsp;&nbsp;&nbsp;&nbsp;&nbsp;&nbsp;&nbsp;&nbsp;&nbsp;&nbsp;&nbsp;&nbsp;&nbsp;&nbsp;&nbsp;&nbsp;&nbsp;&nbsp;&nbsp;&nbsp;&nbsp;&nbsp; 区台办牛利华副主任发言</span></p><p><br/></p>', '2015-05-09 08:30:51', 'system', '/ueditor/jsp/upload/image/20150509/pic_841.jpg', '', '用传统文化技艺架起两岸职教沟通的桥梁', 'news', '黄庄职高在鲁谷校区操场举行赴台湾学习考察汇报会。石景山区台办副主任牛利华、石景山区委教工委副书记王鑫等领导出席会议。汇报会由北京市黄庄职业高中招就办主任史勃和学生会主席金宛茹主持', '5');
INSERT INTO `r_info` VALUES ('4', '\0', '<p style=\"color: rgb(51, 51, 51);font-family: Simsun;font-size: 14px;white-space: normal;line-height: 21px;text-indent: 32px\"><span style=\"line-height: 24px;font-size: 16px\"><span style=\"font-family:Calibri\">“</span></span><span style=\"line-height: 24px;font-family: 宋体;font-size: 16px\">努力让每个人都有人生出彩的机会</span><span style=\"line-height: 24px;font-size: 16px\"><span style=\"font-family:Calibri\">”</span></span><span style=\"line-height: 24px;font-family: 宋体;font-size: 16px\">。习近平总书记在全国职业教育工作会议召开之时的重要指示，为中职德育指明了方向。</span><span style=\"line-height: 24px;font-size: 16px\"><span style=\"font-family:Calibri\">2015</span></span><span style=\"line-height: 24px;font-family: 宋体;font-size: 16px\">年</span><span style=\"line-height: 24px;font-size: 16px\"><span style=\"font-family:Calibri\">4</span></span><span style=\"line-height: 24px;font-family: 宋体;font-size: 16px\">月</span><span style=\"line-height: 24px;font-size: 16px\"><span style=\"font-family:Calibri\">28</span></span><span style=\"line-height: 24px;font-family: 宋体;font-size: 16px\">日下午，黄职师生</span><span style=\"line-height: 24px;font-size: 16px\"><span style=\"font-family:Calibri\">1000</span></span><span style=\"line-height: 24px;font-family: 宋体;font-size: 16px\">余人汇聚在田径场上，迎来了第</span><span style=\"line-height: 24px;font-size: 16px\"><span style=\"font-family:Calibri\">20</span></span><span style=\"line-height: 24px;font-family: 宋体;font-size: 16px\">届体育文化节，学校举办了隆重的开幕式，今年的开幕式上与往年不同，学校将主席台变成了舞台，入场式变成了表演，别看这不大不小的变化，蕴含着意义却深远——黄庄职高的舞台属于每一名有梦想的中职学生。</span></p><p style=\"color: rgb(51, 51, 51);font-family: Simsun;font-size: 14px;white-space: normal;line-height: 21px;text-indent: 32px\"><span style=\"line-height: 24px;font-family: 宋体;font-size: 16px\">目前学校共有</span><span style=\"line-height: 24px;font-size: 16px\"><span style=\"font-family:Calibri\">32</span></span><span style=\"line-height: 24px;font-family: 宋体;font-size: 16px\">个社团，主要是学校引导、教师指导为主要方式的组建模式，已成为校园文化建设的重要载体，其中体育健身类</span><span style=\"line-height: 24px;font-size: 16px\"><span style=\"font-family:Calibri\">5</span></span><span style=\"line-height: 24px;font-family: 宋体;font-size: 16px\">个、美育、心育类</span><span style=\"line-height: 24px;font-size: 16px\"><span style=\"font-family:Calibri\">6</span></span><span style=\"line-height: 24px;font-family: 宋体;font-size: 16px\">个、语言文学类</span><span style=\"line-height: 24px;font-size: 16px\"><span style=\"font-family:Calibri\">6</span></span><span style=\"line-height: 24px;font-family: 宋体;font-size: 16px\">个、生活技巧类</span><span style=\"line-height: 24px;font-size: 16px\"><span style=\"font-family:Calibri\">7</span></span><span style=\"line-height: 24px;font-family: 宋体;font-size: 16px\">个、专业技术类</span><span style=\"line-height: 24px;font-size: 16px\"><span style=\"font-family:Calibri\">9</span></span><span style=\"line-height: 24px;font-family: 宋体;font-size: 16px\">个，共有</span><span style=\"line-height: 24px;font-size: 16px\"><span style=\"font-family:Calibri\">36</span></span><span style=\"line-height: 24px;font-family: 宋体;font-size: 16px\">个社团辅导老师。</span><span style=\"line-height: 24px;font-size: 16px\"><span style=\"font-family:Calibri\">100%</span></span><span style=\"line-height: 24px;font-family: 宋体;font-size: 16px\">的在校学生有自己的社团课堂，社团文化已成为校园文化建设中一个非常重要的内容。</span></p><p style=\"color: rgb(51, 51, 51);font-family: Simsun;font-size: 14px;white-space: normal;line-height: 21px;text-indent: 32px\"><span style=\"line-height: 24px;font-family: 宋体;font-size: 16px\">本次社团展示活动，以静态、动态、表演、竞技及宣传五种方式进行展示，开幕式上合唱社、舞蹈社、曲艺社及部分专业进行表演类展示。</span></p><p style=\"color: rgb(51, 51, 51);font-family: Simsun;font-size: 14px;white-space: normal;line-height: 21px;text-indent: 32px\"><span style=\"line-height: 24px;font-family: 宋体;font-size: 16px\">我们的社团不仅仅是大家选择的课堂，很多学生还通过社团认识社会，走向更高的舞台，如民族舞社团已参加了两届北京市职教系统运动会的开幕式，并于今年</span><span style=\"line-height: 24px;font-size: 16px\"><span style=\"font-family:Calibri\">3</span></span><span style=\"line-height: 24px;font-family: 宋体;font-size: 16px\">月参加了石景山区第</span><span style=\"line-height: 24px;font-size: 16px\"><span style=\"font-family:Calibri\">18</span></span><span style=\"line-height: 24px;font-family: 宋体;font-size: 16px\">届文化艺术节舞蹈类比赛</span><span style=\"line-height: 24px;font-size: 16px\"><span style=\"font-family:Calibri\">;</span></span><span style=\"line-height: 24px;font-family: 宋体;font-size: 16px\">；青春镜界”微电影社穿梭于校园里的各个角落，用艺术去展现校园里丰富多彩的生活</span><span style=\"line-height: 24px;font-size: 16px\"><span style=\"font-family:Calibri\">;</span></span><span style=\"line-height: 24px;font-family: 宋体;font-size: 16px\">新成立的话剧社，第一个目标将参加</span><span style=\"line-height: 24px;font-size: 16px\"><span style=\"font-family:Calibri\">2016</span></span><span style=\"line-height: 24px;font-family: 宋体;font-size: 16px\">年北京市青少年话剧节。</span><span style=\"line-height: 24px;font-size: 16px\"><span style=\"font-family:Calibri\">&nbsp;</span></span><span style=\"line-height: 24px;font-family: 宋体;font-size: 16px\">学校还将发展更多的社团，打造更有影响力的社团，并走向国际舞台。</span></p><p style=\"color: rgb(51, 51, 51);font-family: Simsun;font-size: 14px;white-space: normal;line-height: 21px;text-indent: 32px\"><span style=\"line-height: 24px;font-family: 宋体;font-size: 16px\">本届活动学校初步尝试利用微信的扫一扫，在网上进行投票。每一块社团展板上都有一个二维码，大家可以扫描任意一块展板上的二维码，进入投票界面，进行投票，可以评选你心目中的优秀社团，为保证公平，每个手机、每个微信账号只能投一次票，每次可以选择</span><span style=\"line-height: 24px;font-size: 16px\"><span style=\"font-family:Calibri\">10</span></span><span style=\"line-height: 24px;font-family: 宋体;font-size: 16px\">个您喜爱的社团，最后学校将对数据进行整理，将统计结果在全校公布。</span></p><p style=\"color: rgb(51, 51, 51);font-family: Simsun;font-size: 14px;white-space: normal;line-height: 21px;text-indent: 32px\"><span style=\"line-height: 24px;font-size: 16px\"><span style=\"font-family:宋体\"><img border=\"0\" src=\"/ueditor/jsp/upload/image/20150509/1431131761488068899.jpg\" style=\"border-color: rgb(0, 0, 0)\"/></span></span></p><p style=\"color: rgb(51, 51, 51);font-family: Simsun;font-size: 14px;white-space: normal;line-height: 21px;text-indent: 32px\"><span style=\"line-height: 24px;font-size: 16px\"><span style=\"font-family:宋体\">&nbsp;&nbsp;&nbsp;&nbsp;&nbsp;&nbsp;&nbsp;&nbsp;&nbsp;&nbsp;&nbsp;&nbsp;&nbsp;&nbsp;&nbsp;&nbsp;&nbsp;&nbsp;&nbsp;&nbsp;&nbsp;&nbsp;&nbsp;&nbsp;&nbsp;&nbsp;&nbsp;&nbsp;&nbsp;&nbsp;&nbsp;美甲社作品</span></span></p><p style=\"color: rgb(51, 51, 51);font-family: Simsun;font-size: 14px;white-space: normal;line-height: 21px;text-indent: 32px\"><span style=\"line-height: 24px;font-size: 16px\"><img border=\"0\" src=\"/ueditor/jsp/upload/image/20150509/1431131761672080140.jpg\" style=\"border-color: rgb(0, 0, 0)\"/></span></p><p style=\"color: rgb(51, 51, 51);font-family: Simsun;font-size: 14px;white-space: normal;line-height: 21px;text-indent: 32px\"><span style=\"line-height: 24px;font-size: 16px\">&nbsp;&nbsp;&nbsp;&nbsp;&nbsp;&nbsp;&nbsp;&nbsp;&nbsp;&nbsp;&nbsp;&nbsp;&nbsp;&nbsp;&nbsp;&nbsp;&nbsp;&nbsp;&nbsp;&nbsp;&nbsp;&nbsp;&nbsp;&nbsp;&nbsp;&nbsp;烹饪专业改编《小苹果》</span></p><p style=\"color: rgb(51, 51, 51);font-family: Simsun;font-size: 14px;white-space: normal;line-height: 21px;text-indent: 32px\"><span style=\"line-height: 24px;font-size: 16px\"><img border=\"0\" src=\"/ueditor/jsp/upload/image/20150509/1431131762064094341.jpg\" style=\"border-color: rgb(0, 0, 0)\"/></span></p><p style=\"color: rgb(51, 51, 51);font-family: Simsun;font-size: 14px;white-space: normal;line-height: 21px;text-indent: 32px\"><span style=\"line-height: 24px;font-size: 16px\">&nbsp;&nbsp;&nbsp;&nbsp;&nbsp;&nbsp;&nbsp;&nbsp;&nbsp;&nbsp;&nbsp;&nbsp;&nbsp;&nbsp;&nbsp;&nbsp;&nbsp;&nbsp;&nbsp;&nbsp;&nbsp;&nbsp;&nbsp;&nbsp;&nbsp;&nbsp;&nbsp;&nbsp;&nbsp;&nbsp;云裳社作品团扇</span></p><p><br/></p>', '2015-05-09 08:36:03', 'system', '', '', '努力让每一名学生都有人生出彩的机会', 'news', '习近平总书记在全国职业教育工作会议召开之时的重要指示，为中职德育指明了方向。2015年4月28日下午，黄职师生1000余人汇聚在田径场上，迎来了第20届体育文化节，学校举办了隆重的开幕式，今年的开幕式上与往年不同，学校将主席台变成了舞台，入场式变成了表演，别看这不大不小的变化，蕴含着意义却深远——黄庄职高的舞台属于每一名有梦想的中职学生。', '0');
INSERT INTO `r_info` VALUES ('5', '\0', '<p style=\"color: rgb(51, 51, 51);font-family: Simsun;font-size: 14px;white-space: normal;line-height: 21px;text-indent: 32px\"><span style=\"line-height: 24px;font-family: 宋体;font-size: 16px\">4</span><span style=\"line-height: 24px;font-family: 宋体;font-size: 16px\">月3日，“人才培养与产业协同发展研讨会”在我校召开，石景山区教委职成科科长朱志学一行三人、用友新道科技有限公司北京分公司总经理宋健、石景山区业余大学杨文霞校长、我校吴世霞书记、倪晓辉校长以及相关主管校长及处室主任参会。</span></p><p style=\"color: rgb(51, 51, 51);font-family: Simsun;font-size: 14px;white-space: normal;line-height: 21px;text-indent: 32px\"><span style=\"line-height: 24px;font-family: 宋体;font-size: 16px\">研讨会上，宋健总经理首先做了《深化新型校企合作，共谈实践育人新道》的专题讲座。宋健总经理以“培训．教育双轨体验学习中心建设”为主题，对建立双轨体验中心的时代紧迫性、建设方案设计的理论依据、内涵要求、预期目标、成果转化等内容进行了深入阐述，尤其对目前校企合作的广阔空间，人才培养模式的时代跟进、课程开发以及产品研发的创新性、示范性提出了诸多前瞻性的设想，为把企业搬进校园，打造职业梦想社区提供了崭新的研究思路。</span></p><p style=\"color: rgb(51, 51, 51);font-family: Simsun;font-size: 14px;white-space: normal;line-height: 21px;text-indent: 32px\"><span style=\"line-height: 24px;font-family: 宋体;font-size: 16px\">朱志学科长对黄职搭建的职业教育与成人教育联盟平台表示赞扬，对我区未来“政府统筹，资源共享，功能多样，服务社会”的大教育体系充满期待，他鼓励两所学校做好顶层设计，发挥各自优势，调动多方资源，与企业联手打造石景山区会计金融人才培养基地，更好的为区域经济发展服务。</span></p><p style=\"color: rgb(51, 51, 51);font-family: Simsun;font-size: 14px;white-space: normal;line-height: 21px;text-indent: 32px\"><span style=\"line-height: 24px;font-family: 宋体;font-size: 16px\">杨文霞校长向参会嘉宾介绍了石景山区业余大学未来的发展思路和会计专业近年来取得的优异成绩，并表明了与黄庄职高和企业深度合作的真诚意愿。</span></p><p style=\"color: rgb(51, 51, 51);font-family: Simsun;font-size: 14px;white-space: normal;line-height: 21px;text-indent: 32px\"><span style=\"line-height: 24px;font-family: 宋体;font-size: 16px\">吴世霞书记代表校领导发言，她强调教育既要适应时代变革，也要突出育人本色，要依据国家形势变化，找准市场需求和专业发展定位，提高人才培养质量，为社会输送优质资源，为学生终身发展创造条件。</span></p><p style=\"color: rgb(51, 51, 51);font-family: Simsun;font-size: 14px;white-space: normal;line-height: 21px;text-indent: 32px\"><span style=\"line-height: 24px;font-family: 宋体;font-size: 16px\">本次研讨会以企业为媒介，搭建“校校联盟、服务区域”新路径，为进一步完善石景山区教育配套资源，促进优秀资源在区域间的流动和交流，提升职业教育在社会的辐射带动力发挥了积极的作用。</span></p><p><br/></p>', '2015-05-09 08:37:06', 'system', '', '', '校企合力，职成联盟，开辟教育发展新天地', 'news', '4月3日，“人才培养与产业协同发展研讨会”在我校召开，石景山区教委职成科科长朱志学一行三人、用友新道科技有限公司北京分公司总经理宋健、石景山区业余大学杨文霞校长、我校吴世霞书记、倪晓辉校长以及相关主管校长及处室主任参会', '0');
INSERT INTO `r_info` VALUES ('6', '\0', '<p style=\"color: rgb(51, 51, 51);font-family: Simsun;font-size: 14px;white-space: normal;line-height: 21px;text-indent: 32px\"><span style=\"line-height: 24px;font-family: 宋体;font-size: 16px\">在新修订的《中等职业学校德育大纲中》明确提出：“要加强互联网等新媒体的建设与管理，优化校园网络环境，加强正面信息的网络传播”。在我们被网络包围的时代里，网络已成为学生获取信息的主渠道，学校进一步完善网络平台建设，丰富网站内容，特成特色教育板块。</span></p><p style=\"color: rgb(51, 51, 51);font-family: Simsun;font-size: 14px;white-space: normal;line-height: 21px;text-indent: 32px\"><span style=\"line-height: 24px;font-family: 宋体;font-size: 16px\">4</span><span style=\"line-height: 24px;font-family: 宋体;font-size: 16px\">月1日，校园文化特色项目组再次组织网络德育平台建设研讨会，校园文化特色项目组组长刘荣、特色办王向阳主任、科研室古春燕主任以及部分德育教师及班主任参加研讨会，北京四合天地科技有限公司的网络设计师介绍了&nbsp;“社会主义核心价值观虚拟三维课堂”、“国防知识虚拟三维课堂”等网络虚拟课堂的建设情况，参会教师结合学校实际，从课程内容、教学形式等方面对网络德育平台建设提出中肯的意见和建议。下一步，网络设计师将对网络德育平台进行进一步的完善，真正把网站建设成为面向师生、服务师生的良好平台。</span></p><p style=\"color: rgb(51, 51, 51);font-family: Simsun;font-size: 14px;white-space: normal;line-height: 21px;text-indent: 32px\"><span style=\"line-height: 24px;font-family: 宋体;font-size: 16px\"><img border=\"0\" src=\"/ueditor/jsp/upload/image/20150509/1431131872642011502.jpg\" style=\"border-color: rgb(0, 0, 0)\"/></span></p><p><br/></p>', '2015-05-09 08:37:54', 'system', '', '', '黄庄职高召开网络德育平台建设研讨会', 'news', '在新修订的《中等职业学校德育大纲中》明确提出：“要加强互联网等新媒体的建设与管理，优化校园网络环境，加强正面信息的网络传播”。在我们被网络包围的时代里，网络已成为学生获取信息的主渠道，学校进一步完善网络平台建设，丰富网站内容，特成特色教育板块。', '1');
INSERT INTO `r_info` VALUES ('7', '\0', '<p style=\"color: rgb(51, 51, 51);font-family: Simsun;font-size: 14px;white-space: normal;line-height: 21px;text-indent: 32px\"><span style=\"line-height: 24px;font-family: 宋体;font-size: 16px\">在新修订的《中等职业学校德育大纲中》明确提出：“要加强互联网等新媒体的建设与管理，优化校园网络环境，加强正面信息的网络传播”。在我们被网络包围的时代里，网络已成为学生获取信息的主渠道，学校进一步完善网络平台建设，丰富网站内容，特成特色教育板块。</span></p><p style=\"color: rgb(51, 51, 51);font-family: Simsun;font-size: 14px;white-space: normal;line-height: 21px;text-indent: 32px\"><span style=\"line-height: 24px;font-family: 宋体;font-size: 16px\">4</span><span style=\"line-height: 24px;font-family: 宋体;font-size: 16px\">月1日，校园文化特色项目组再次组织网络德育平台建设研讨会，校园文化特色项目组组长刘荣、特色办王向阳主任、科研室古春燕主任以及部分德育教师及班主任参加研讨会，北京四合天地科技有限公司的网络设计师介绍了&nbsp;“社会主义核心价值观虚拟三维课堂”、“国防知识虚拟三维课堂”等网络虚拟课堂的建设情况，参会教师结合学校实际，从课程内容、教学形式等方面对网络德育平台建设提出中肯的意见和建议。下一步，网络设计师将对网络德育平台进行进一步的完善，真正把网站建设成为面向师生、服务师生的良好平台。</span></p><p style=\"color: rgb(51, 51, 51);font-family: Simsun;font-size: 14px;white-space: normal;line-height: 21px;text-indent: 32px\"><span style=\"line-height: 24px;font-family: 宋体;font-size: 16px\"><img border=\"0\" src=\"/ueditor/jsp/upload/image/20150509/1431131945466037124.jpg\" style=\"border-color: rgb(0, 0, 0)\"/></span></p><p><br/></p>', '2015-05-09 08:39:07', 'system', '', '', '黄庄职高召开网络德育平台建设研讨会', 'news', '在新修订的《中等职业学校德育大纲中》明确提出：“要加强互联网等新媒体的建设与管理，优化校园网络环境，加强正面信息的网络传播”。在我们被网络包围的时代里，网络已成为学生获取信息的主渠道，学校进一步完善网络平台建设，丰富网站内容，特成特色教育板块', '0');
INSERT INTO `r_info` VALUES ('8', '', '<p style=\"color: rgb(51, 51, 51);font-family: Simsun;font-size: 14px;white-space: normal;line-height: 21px;text-indent: 32px\"><span style=\"line-height: 24px;font-family: 宋体;font-size: 16px\">3</span><span style=\"line-height: 24px;font-family: 宋体;font-size: 16px\">月</span><span style=\"line-height: 24px;font-family: 宋体;font-size: 16px\">7</span><span style=\"line-height: 24px;font-family: 宋体;font-size: 16px\">日，由北京市总工会、北京市教育委员会主办的“首都女职工庆三八服装时尚风采大赛”在北京服装学院隆重举行，我校曲颖、龙丹、刘荣等</span><span style=\"line-height: 24px;font-family: 宋体;font-size: 16px\">13</span><span style=\"line-height: 24px;font-family: 宋体;font-size: 16px\">名女职工荣幸地代表石景山区总工会参加比赛，荣获三等奖。我校</span><span style=\"line-height: 24px;font-family: 宋体;font-size: 16px\">吴世霞书记及石景山区总工会领导亲临现场观赛。</span></p><p style=\"color: rgb(51, 51, 51);font-family: Simsun;font-size: 14px;white-space: normal;line-height: 21px;text-indent: 32px\"><span style=\"line-height: 24px;font-family: 宋体;font-size: 16px\">在现场展示中，她们身着8套青花瓷主题旗袍和5套中式礼服旗袍，伴随着优美和谐的韵律向观众款款走来，优美流畅的线条不仅充分展现了女性的形体美，也尽显女性端正典雅和华丽高贵的仪态美，这13套“京式”旗袍均由我校旗袍工作室的师生设计制作，广受评委和观众的赞叹和好评。不仅充分展现了黄职女教师风采，也让更多的人了解了我校“京式”旗袍这一非物质文化遗产项目。</span></p><p style=\"color: rgb(51, 51, 51);font-family: Simsun;font-size: 14px;white-space: normal;line-height: 21px;text-indent: 32px\"><span style=\"line-height: 24px;font-family: 宋体;font-size: 16px\"></span></p><p style=\"color: rgb(51, 51, 51);font-family: Simsun;font-size: 14px;white-space: normal;line-height: 21px;text-indent: 32px\"><span style=\"line-height: 24px;font-family: 宋体;font-size: 16px\"><img border=\"0\" src=\"/ueditor/jsp/upload/image/20150509/1431132180075051586.jpg\" style=\"border-color: rgb(0, 0, 0)\"/></span></p><p style=\"color: rgb(51, 51, 51);font-family: Simsun;font-size: 14px;white-space: normal;line-height: 21px;text-indent: 32px\"><span style=\"line-height: 24px;font-family: 宋体;font-size: 16px\">&nbsp;&nbsp;&nbsp;&nbsp;&nbsp;&nbsp;&nbsp;&nbsp;&nbsp;&nbsp;&nbsp;&nbsp;&nbsp;&nbsp;&nbsp;&nbsp;&nbsp;&nbsp;&nbsp;&nbsp;&nbsp;&nbsp;&nbsp;&nbsp;&nbsp; 黄职女教师参加庆三八服装风采大赛</span></p><p><br/></p>', '2015-05-09 08:53:52', 'system', '/ueditor/jsp/upload/image/20150509/news_pic_258.png', '', '庆三八服装表演，黄职女教师展风采', 'achievement', '“首都女职工庆三八服装时尚风采大赛”在北京服装学院隆重举行，我校曲颖、龙丹、刘荣等13名女职工荣幸地代表石景山区总工会参加比赛，荣获三等奖。我校吴世霞书记及石景山区总工会领导亲临现场观赛。', '2');
INSERT INTO `r_info` VALUES ('9', '\0', '<p style=\"margin-top: 0px; margin-bottom: 20px; padding: 0px; text-indent: 2em; color: rgb(53, 53, 53); font-family: &#39;microsoft yahei&#39;; line-height: 28px; white-space: normal; background-color: rgb(255, 255, 255);\">直升机常常被小孩子们叫作蜻蜓飞机，在他们眼里直升机是灵巧可爱的。</p><p style=\"margin-top: 0px; margin-bottom: 20px; padding: 0px; text-indent: 2em; color: rgb(53, 53, 53); font-family: &#39;microsoft yahei&#39;; line-height: 28px; white-space: normal; background-color: rgb(255, 255, 255);\">在夏季大雨来临前，蜻蜓就会成群结对在空中穿梭飞舞着。它们好像一架架直升机忽上忽下、忽快忽慢地飞行,它们时而抖动翅膀来一个一百八十度的急转弯，时而在空中悬停,时而降落在尖尖的枝梢和花丛中，时而又飞得无影无踪。</p><p style=\"margin-top: 0px; margin-bottom: 20px; padding: 0px; text-indent: 2em; color: rgb(53, 53, 53); font-family: &#39;microsoft yahei&#39;; line-height: 28px; white-space: normal; background-color: rgb(255, 255, 255); text-align: center;\"><br/></p><p><img src=\"/ueditor/jsp/upload/image/20150509/1431133206064055366.jpg\" width=\"440\" height=\"292\" border=\"0\" hspace=\"0\" vspace=\"0\" title=\"竹蜻蜓\" style=\"border: 0px; display: block; width: 440px; height: 292px;\"/><span class=\"d-detail-imgTitle\" style=\"display: block; padding: 5px 0px; line-height: 1.5; font-size: 12px; color: rgb(111, 111, 111); width: 440px;\">竹蜻蜓</span></p><p><br/></p><p style=\"margin-top: 0px; margin-bottom: 20px; padding: 0px; text-indent: 2em; color: rgb(53, 53, 53); font-family: &#39;microsoft yahei&#39;; line-height: 28px; white-space: normal; background-color: rgb(255, 255, 255);\">古代流转至今的一种叫“竹蜻蜓”的玩具，传说就是在蜻蜓的启发下被制作出来的。后来竹蜻蜓传入欧洲，被称为“中国陀螺”，它开拓了科学家们的研究思路，为直升机的诞生提供了灵感。《简明不列颠百科全书》记载道：“直升机是人类最早的飞行设想之一，多年来人们一直相信最早提出这一想法的是达·芬奇，但现在都知道，中国人比中世纪的欧洲人更早做出了叫‘中国陀螺’的直升机玩具。”</p><p style=\"margin-top: 0px; margin-bottom: 20px; padding: 0px; text-indent: 2em; color: rgb(53, 53, 53); font-family: &#39;microsoft yahei&#39;; line-height: 28px; white-space: normal; background-color: rgb(255, 255, 255);\">说到达·芬奇，他不但是一位杰出的画家，还是一位发明家，早在15世纪，他就着手研究飞行器。他画过一张飞行器的草图，设想中的飞行器以弹簧为旋转动力，当达到一定转速时，就会把机体带到空中。驾驶员拉动钢丝绳，掌握着飞行方向。这被认为是最早的直升机设计蓝图。</p><p style=\"margin-top: 0px; margin-bottom: 20px; padding: 0px; text-indent: 2em; color: rgb(53, 53, 53); font-family: &#39;microsoft yahei&#39;; line-height: 28px; white-space: normal; background-color: rgb(255, 255, 255);\">可惜的是，达·芬奇对于直升机的构想，只是在纸上画画而已，并没有付诸于实际行动。但他的行为却为后来直升飞机的发明提供了灵感，引领了正确的思维方向，它被公认是直升飞机发展史的起点。</p><p style=\"margin-top: 0px; margin-bottom: 20px; padding: 0px; text-indent: 2em; color: rgb(53, 53, 53); font-family: &#39;microsoft yahei&#39;; line-height: 28px; white-space: normal; background-color: rgb(255, 255, 255); text-align: center;\"><br/></p><p><img src=\"/ueditor/jsp/upload/image/20150509/1431133206321056627.jpg\" width=\"440\" height=\"350\" border=\"0\" hspace=\"0\" vspace=\"0\" title=\"达芬奇设计的直升机的概念图\" style=\"border: 0px; display: block; width: 440px; height: 350px;\"/><span class=\"d-detail-imgTitle\" style=\"display: block; padding: 5px 0px; line-height: 1.5; font-size: 12px; color: rgb(111, 111, 111); width: 440px;\">达芬奇设计的直升机的概念图</span></p><p><br/></p><p style=\"margin-top: 0px; margin-bottom: 20px; padding: 0px; text-indent: 2em; color: rgb(53, 53, 53); font-family: &#39;microsoft yahei&#39;; line-height: 28px; white-space: normal; background-color: rgb(255, 255, 255);\">世界上第一个制造出载人直升飞机的人，是法国利济厄市的工程师保罗·科努（Paul Cornu）。</p><p style=\"margin-top: 0px; margin-bottom: 20px; padding: 0px; text-indent: 2em; color: rgb(53, 53, 53); font-family: &#39;microsoft yahei&#39;; line-height: 28px; white-space: normal; background-color: rgb(255, 255, 255);\">科努小时候就喜爱搞小发明，尤其对莱特兄弟的飞行器研究特别感兴趣，希望有一天也能够像他们那样设计出自己的飞行器，像蜻蜓和小鸟一样在蔚蓝的天空上自由地飞翔。长大以后，科努全身心地投入到了飞机的研制工作中，追寻自己蔚蓝色的飞天梦。</p><p style=\"margin-top: 0px; margin-bottom: 20px; padding: 0px; text-indent: 2em; color: rgb(53, 53, 53); font-family: &#39;microsoft yahei&#39;; line-height: 28px; white-space: normal; background-color: rgb(255, 255, 255);\">1906年，保罗·科努开始实施他的直升机发明计划。他设计出了飞机的两副旋翼，又在旋翼上安装了桨叶，再用钢管做成飞机的主构架，而后又安装了驾驶员座椅、发动机、水箱、油箱等。直到1907年8月，他才制造出了世界上第一架载人直升飞机。</p><p style=\"margin-top: 0px; margin-bottom: 20px; padding: 0px; text-indent: 2em; color: rgb(53, 53, 53); font-family: &#39;microsoft yahei&#39;; line-height: 28px; white-space: normal; background-color: rgb(255, 255, 255);\">当他为自己的杰作诞生长出了一口气的时候，却意外得知法国科学家布雷盖和李歇也研制出了一架直升飞机。自己的直升飞机还没有真正地飞上蓝天，别人的飞机已研制出来，科努的心里真不是滋味。多年的努力将前功尽弃，因为发明创造一旦落在了别人的后面，就没有什么价值可言了。</p><p><br/></p>', '2015-05-09 09:00:09', 'system', '', '', '直升机是如何被发明的？', 'knowledge', '', '0');
INSERT INTO `r_info` VALUES ('10', '\0', '<p style=\"margin-top: 0px; margin-bottom: 20px; padding: 0px; text-indent: 2em; color: rgb(53, 53, 53); font-family: &#39;microsoft yahei&#39;; line-height: 28px; white-space: normal; background-color: rgb(255, 255, 255);\">4月25日的尼泊尔大地震不仅给该国带来重大的伤亡和损失，也使得首都加德满都移动了3米，珠峰高度下降2.5厘米。纵观历史和现在，地震、海啸和火山等大型自然灾难从来没有停止过改变地貌的脚步，仿佛大自然的搬运工和魔术师，不仅能让高山变矮，让国土变大，还能把岛屿变没，令地轴偏移，令人惊叹。<br/></p><p style=\"margin-top: 0px; margin-bottom: 20px; padding: 0px; text-indent: 2em; color: rgb(53, 53, 53); font-family: &#39;microsoft yahei&#39;; line-height: 28px; white-space: normal; background-color: rgb(255, 255, 255);\"><strong>挪窝了：尼泊尔地震让加德满都移动3米</strong></p><p style=\"margin-top: 0px; margin-bottom: 20px; padding: 0px; text-indent: 2em; color: rgb(53, 53, 53); font-family: &#39;microsoft yahei&#39;; line-height: 28px; white-space: normal; background-color: rgb(255, 255, 255); text-align: center;\"><br/></p><p><img src=\"/ueditor/jsp/upload/image/20150509/1431133971257036781.jpg\" width=\"440\" height=\"297\" border=\"0\" hspace=\"0\" vspace=\"0\" title=\" 图为尼泊尔强震后的情景。 中新社发 张浩 摄\" style=\"border: 0px; display: block; width: 440px; height: 297px;\"/><span class=\"d-detail-imgTitle\" style=\"display: block; padding: 5px 0px; line-height: 1.5; font-size: 12px; color: rgb(111, 111, 111); width: 440px;\">图为尼泊尔强震后的情景。 中新社发 张浩 摄</span></p><p><br/></p><p style=\"margin-top: 0px; margin-bottom: 20px; padding: 0px; text-indent: 2em; color: rgb(53, 53, 53); font-family: &#39;microsoft yahei&#39;; line-height: 28px; white-space: normal; background-color: rgb(255, 255, 255);\">专家说，尼泊尔大地震让首都加德满都地面向南移动了多达3米。地震专家根据本次地震发生后从地壳声波录得的早期地震数据，测算出加德满都底下的地基可能向南移动了约3米。</p><p style=\"margin-top: 0px; margin-bottom: 20px; padding: 0px; text-indent: 2em; color: rgb(53, 53, 53); font-family: &#39;microsoft yahei&#39;; line-height: 28px; white-space: normal; background-color: rgb(255, 255, 255);\"><strong>变矮了：尼泊尔地震后珠峰高度降2.5厘米</strong></p><p style=\"margin-top: 0px; margin-bottom: 20px; padding: 0px; text-indent: 2em; color: rgb(53, 53, 53); font-family: &#39;microsoft yahei&#39;; line-height: 28px; white-space: normal; background-color: rgb(255, 255, 255); text-align: center;\"><br/></p><p><img src=\"/ueditor/jsp/upload/image/20150509/1431133971492014360.jpg\" width=\"440\" height=\"246\" border=\"0\" hspace=\"0\" vspace=\"0\" title=\"图为直升机在珠峰上准备降落\" style=\"border: 0px; display: block; width: 440px; height: 246px;\"/><span class=\"d-detail-imgTitle\" style=\"display: block; padding: 5px 0px; line-height: 1.5; font-size: 12px; color: rgb(111, 111, 111); width: 440px;\">图为直升机在珠峰上准备降落</span></p><p><br/></p><p style=\"margin-top: 0px; margin-bottom: 20px; padding: 0px; text-indent: 2em; color: rgb(53, 53, 53); font-family: &#39;microsoft yahei&#39;; line-height: 28px; white-space: normal; background-color: rgb(255, 255, 255);\">UNAVCO科学家确认，尼泊尔地震后，世界最高峰高度下降1英寸（2.5厘米）。其证据来自欧洲航天局Sentinel-1A卫星4月29日在珠穆朗玛峰上放采集到的数据。专家称：“地震引起的印度板块和欧亚板块移动后造成了地壳松动。这导致珠峰高度稍稍下降。”</p><p><br/></p>', '2015-05-09 09:12:53', 'system', '', '', '地震对地球的影响有多大？', 'knowledge', '', '0');
INSERT INTO `r_info` VALUES ('11', '\0', '<p style=\"margin-top: 0px; margin-bottom: 20px; padding: 0px; text-indent: 2em; color: rgb(53, 53, 53); font-family: &#39;microsoft yahei&#39;; line-height: 28px; white-space: normal; background-color: rgb(255, 255, 255);\">大众心理学已经成为我们社会的重要组成部分，以格言、真理和半真理的形式充斥着我们日常生活的每一天，为我们提供了成堆的建议，引导我们走过人生的坎坷。每年大约有3 500本自助类图书出版，每月有大量的心理健康网站涌现（朋友圈的分享就更别提了）。<br/></p><p style=\"margin-top: 0px; margin-bottom: 20px; padding: 0px; text-indent: 2em; color: rgb(53, 53, 53); font-family: &#39;microsoft yahei&#39;; line-height: 28px; white-space: normal; background-color: rgb(255, 255, 255);\">其中一些信息是准确、有用的，但也有些大众心理学文章充斥着我们所谓的“心理学谬论”（psychomythology）。由于在辨别心理学事实与虚构信息时缺乏可靠的专业指引，公众只好任由自助大师、脱口秀电视节目主持人以及自诩的心理健康专家摆布，而这些人当中，有许多都是在传播不可靠的心理学信息和指导。</p><p style=\"margin-top: 0px; margin-bottom: 20px; padding: 0px; text-indent: 2em; color: rgb(53, 53, 53); font-family: &#39;microsoft yahei&#39;; line-height: 28px; white-space: normal; background-color: rgb(255, 255, 255); text-align: center;\"><br/></p><p><img src=\"/ueditor/jsp/upload/image/20150509/1431134045461049690.jpg\" width=\"440\" height=\"293\" style=\"border: 0px; display: block;\"/></p><p><br/></p><p style=\"margin-top: 0px; margin-bottom: 20px; padding: 0px; text-indent: 2em; color: rgb(53, 53, 53); font-family: &#39;microsoft yahei&#39;; line-height: 28px; white-space: normal; background-color: rgb(255, 255, 255);\">比如，下面这些普遍认同的观点就基本上或者完全是错误的：<br/></p><p style=\"margin-top: 0px; margin-bottom: 20px; padding: 0px; text-indent: 2em; color: rgb(53, 53, 53); font-family: &#39;microsoft yahei&#39;; line-height: 28px; white-space: normal; background-color: rgb(255, 255, 255);\">■ 大多数人只使用了全部脑力的10%。</p><p style=\"margin-top: 0px; margin-bottom: 20px; padding: 0px; text-indent: 2em; color: rgb(53, 53, 53); font-family: &#39;microsoft yahei&#39;; line-height: 28px; white-space: normal; background-color: rgb(255, 255, 255);\">■ 恋爱时，迥然不同的两个人更容易相互吸引。</p><p style=\"margin-top: 0px; margin-bottom: 20px; padding: 0px; text-indent: 2em; color: rgb(53, 53, 53); font-family: &#39;microsoft yahei&#39;; line-height: 28px; white-space: normal; background-color: rgb(255, 255, 255);\">■ 我们的大脑会像摄像机那样如实地记忆事件。</p><p style=\"margin-top: 0px; margin-bottom: 20px; padding: 0px; text-indent: 2em; color: rgb(53, 53, 53); font-family: &#39;microsoft yahei&#39;; line-height: 28px; white-space: normal; background-color: rgb(255, 255, 255);\">■ 精神分裂症患者有多重人格。</p><p style=\"margin-top: 0px; margin-bottom: 20px; padding: 0px; text-indent: 2em; color: rgb(53, 53, 53); font-family: &#39;microsoft yahei&#39;; line-height: 28px; white-space: normal; background-color: rgb(255, 255, 255);\">■ 只有抑郁的人才会自杀。</p><p style=\"margin-top: 0px; margin-bottom: 20px; padding: 0px; text-indent: 2em; color: rgb(53, 53, 53); font-family: &#39;microsoft yahei&#39;; line-height: 28px; white-space: normal; background-color: rgb(255, 255, 255);\">■ 所有成功的心理疗法都强迫人们面对源自童年时期的问题根源。</p><p style=\"margin-top: 0px; margin-bottom: 20px; padding: 0px; text-indent: 2em; color: rgb(53, 53, 53); font-family: &#39;microsoft yahei&#39;; line-height: 28px; white-space: normal; background-color: rgb(255, 255, 255);\">有一些观点，比如“大多数人只使用了10%的脑力”，似乎是源于对盛行数十年、当前仍不足为信的断言“科学家不知道另外90%的大脑在做什么”的扭曲诠释。其他错误观点很可能是由选择性注意和记忆引起。例如，我们所有人都倾向于注意或者回想起不寻常的偶发事件，因此相比于记住两个相似的人彼此看对眼，我们更可能记住个性迥异的两个人坠入爱河。</p><p style=\"margin-top: 0px; margin-bottom: 20px; padding: 0px; text-indent: 2em; color: rgb(53, 53, 53); font-family: &#39;microsoft yahei&#39;; line-height: 28px; white-space: normal; background-color: rgb(255, 255, 255);\">还有一些荒诞观念可能源于我们日常经验的强势诱导。例如，我们主观上认为记忆是真实的，这种真实性毫无疑问。然而事实上，众多研究表明，我们的记忆会随着时间的流逝而扭曲变形。</p><p style=\"margin-top: 0px; margin-bottom: 20px; padding: 0px; text-indent: 2em; color: rgb(53, 53, 53); font-family: &#39;microsoft yahei&#39;; line-height: 28px; white-space: normal; background-color: rgb(255, 255, 255);\">我们将在本文中揭露以下6个大众心理学谬论的真相：</p><p style=\"margin-top: 0px; margin-bottom: 20px; padding: 0px; text-indent: 2em; color: rgb(53, 53, 53); font-family: &#39;microsoft yahei&#39;; line-height: 28px; white-space: normal; background-color: rgb(255, 255, 255);\"><strong>谬论一：发泄比压抑更健康</strong></p><p style=\"margin-top: 0px; margin-bottom: 20px; padding: 0px; text-indent: 2em; color: rgb(53, 53, 53); font-family: &#39;microsoft yahei&#39;; line-height: 28px; white-space: normal; background-color: rgb(255, 255, 255);\">人们总是认为发泄比压抑更健康。在一项调查中，66%的大学本科生认为，把憋在心中的怒火发泄出来是控制攻击情绪的一个好办法。这一观点要追溯到亚里士多德，他发现，观看悲剧表演有助于宣泄情绪、熄灭怒火、消除其他负面情绪。</p><p><br/></p>', '2015-05-09 09:15:18', 'system', '', '', '6个大众心理学谬论，真相是什么？', 'knowledge', '', '0');
INSERT INTO `r_info` VALUES ('12', '\0', '<p style=\"margin-top: 0px; margin-bottom: 20px; padding: 0px; text-indent: 2em; color: rgb(53, 53, 53); font-family: &#39;microsoft yahei&#39;; line-height: 28px; white-space: normal; background-color: rgb(255, 255, 255);\">当有导弹或是陨石撞击地面，对地表造成的巨大的冲击是显而易见的，但地表以下究竟发生了什么，就很难一窥究竟了。来自杜克大学的物理学家已经研究出了这样一种技术，能够在实验室中模拟人工土壤和砂地遭受高速撞击的情境，随后可以利用超慢动作回放对地表以下的状况进行近距离的观察。<br/></p><p style=\"margin-top: 0px; margin-bottom: 20px; padding: 0px; text-indent: 2em; color: rgb(53, 53, 53); font-family: &#39;microsoft yahei&#39;; line-height: 28px; white-space: normal; background-color: rgb(255, 255, 255); text-align: center;\"><br/></p><p><img src=\"/ueditor/jsp/upload/image/20150509/1431134078647041070.jpg\" width=\"330\" height=\"500\" style=\"border: 0px; display: block;\"/></p><p><br/></p><p style=\"margin-top: 0px; margin-bottom: 20px; padding: 0px; text-indent: 2em; color: rgb(53, 53, 53); font-family: &#39;microsoft yahei&#39;; line-height: 28px; white-space: normal; background-color: rgb(255, 255, 255);\">一项发表在学术期刊《物理学评论》（Physical Review Letters）上的研究报告称，类似于土壤和砂质的物质在经受撞击后强度会变高，而且撞击越猛烈强度就越高。研究人员称，这一发现解释了为什么如果要使探地导弹进入地下更深的位置，仅靠猛烈和高速的对地射击效果反而非常有限。抛射物进入土壤和砂地的速度越是快，就会遭遇越强的抵抗并越快停止前进。由于该项研究是由美国五角大厦的防恐怖威胁署（DTRA）出资，所以可能最终的研究方向会致力于更有效地控制地面穿透型导弹的穿透力，该类导弹的设计初衷是用于破坏被深埋在地底的目标，如敌对方的地堡或地下武器物料储备。</p><p style=\"margin-top: 0px; margin-bottom: 20px; padding: 0px; text-indent: 2em; color: rgb(53, 53, 53); font-family: &#39;microsoft yahei&#39;; line-height: 28px; white-space: normal; background-color: rgb(255, 255, 255);\">为了模拟撞击进入地表的导弹或陨石，研究人员从7英尺高（213.36米）的天花板上向一个布满各种小珠的坑中投掷带有圆锥形尖头的金属抛射物。在碰撞过程中，抛射物的动能被转移到了这些小珠子上，并且由于坑中表层以下的小珠子们紧密地首尾相接，动能被分散，冲击形成的力量因此被吸收掉了。</p><p><br/></p>', '2015-05-09 09:15:39', 'system', '', '', '当导弹或陨石撞击地面时，地面以下是什么状况？', 'knowledge', '', '0');
INSERT INTO `r_info` VALUES ('13', '\0', '<p style=\"margin-top: 0px; margin-bottom: 20px; padding: 0px; text-indent: 2em; color: rgb(53, 53, 53); font-family: &#39;microsoft yahei&#39;; line-height: 28px; white-space: normal; background-color: rgb(255, 255, 255);\">一些极为简单的动物已经成功“摆脱”它们的大脑，例如海绵，因为大脑对它们的存活没有任何作用。摆脱对大脑的依赖可能就是它们生存至今的关键所在。 英国伦敦大学国王学院的弗兰克-希尔斯表示：“如果你坐在海床上，只滤食从你身旁流过的食物，你就不需要一个大脑。在这种情况下，有一个大脑是对能量的一 种浪费，你无法让身体保持所需的能量水平。”</p><p style=\"margin-top: 0px; margin-bottom: 20px; padding: 0px; text-indent: 2em; color: rgb(53, 53, 53); font-family: &#39;microsoft yahei&#39;; line-height: 28px; white-space: normal; background-color: rgb(255, 255, 255); text-align: center;\"><br/></p><p><img src=\"/ueditor/jsp/upload/image/20150509/1431134199735057550.jpg\" width=\"440\" height=\"247\" border=\"0\" hspace=\"0\" vspace=\"0\" title=\"海绵是一种极为简单的动物，没有大脑，甚至没有任何神经细胞，但它们仍活的好好的。\" style=\"border: 0px; display: block; width: 440px; height: 247px;\"/><span class=\"d-detail-imgTitle\" style=\"display: block; padding: 5px 0px; line-height: 1.5; font-size: 12px; color: rgb(111, 111, 111); width: 440px;\">海绵是一种极为简单的动物，没有大脑，甚至没有任何神经细胞，但它们仍活的好好的。</span></p><p><br/></p><p style=\"margin-top: 0px; margin-bottom: 20px; padding: 0px; text-indent: 2em; color: rgb(53, 53, 53); font-family: &#39;microsoft yahei&#39;; line-height: 28px; white-space: normal; background-color: rgb(255, 255, 255);\"><strong>无脑或是生存优势</strong></p><p style=\"margin-top: 0px; margin-bottom: 20px; padding: 0px; text-indent: 2em; color: rgb(53, 53, 53); font-family: &#39;microsoft yahei&#39;; line-height: 28px; white-space: normal; background-color: rgb(255, 255, 255);\">海绵不会思索生命的意义或者起源这样的哲学命题。但从某种程度上说，它们的生存能力超过我们人类。这个神奇的家族已经在地球上生存了数亿年之久，利用多孔身体吸取海床上的营养物质存活。它们是一种极为简单的动物，在我们人类看来已经达到可笑的程度。更令人感到惊奇的是，海绵没有大脑，甚至没有任何神经细胞，但它们仍活的好好的。海绵的无脑可能是一个生存优势，是长时间的进化让它们放弃了大脑。一些科学家认为它们一度拥有大脑或者至少拥有一个与大脑非常接近的 器官，但随着时间的推移，它们摆脱了大脑。海绵并不是唯一一种没有大脑的动物。对我们人类来说，大脑是一个必需品，但对于一些动物来说，没有大脑反而生活的更好。</p><p style=\"margin-top: 0px; margin-bottom: 20px; padding: 0px; text-indent: 2em; color: rgb(53, 53, 53); font-family: &#39;microsoft yahei&#39;; line-height: 28px; white-space: normal; background-color: rgb(255, 255, 255); text-align: center;\"><br/></p><p><img src=\"/ueditor/jsp/upload/image/20150509/1431134199855010532.jpg\" width=\"440\" height=\"247\" border=\"0\" hspace=\"0\" vspace=\"0\" title=\"对我们人类来说，大脑是一个必需品，但对于这些动物来说，没有大脑反而生活的更好。\" style=\"border: 0px; display: block; width: 440px; height: 247px;\"/><span class=\"d-detail-imgTitle\" style=\"display: block; padding: 5px 0px; line-height: 1.5; font-size: 12px; color: rgb(111, 111, 111); width: 440px;\">对我们人类来说，大脑是一个必需品，但对于这些动物来说，没有大脑反而生活的更好。</span></p><p><br/></p><p style=\"margin-top: 0px; margin-bottom: 20px; padding: 0px; text-indent: 2em; color: rgb(53, 53, 53); font-family: &#39;microsoft yahei&#39;; line-height: 28px; white-space: normal; background-color: rgb(255, 255, 255);\">大脑是无数神经细胞的集合体。很多生物并没有真正的大脑，但它们拥有一张“神经网”，遍布身体各处。然而，海绵并没有这样一张网。人类的大脑起源于40亿年前，当时地球上出现第一批生命。我们最早的祖先是单细胞生物，几十亿年后，更为复杂的生物出现。现在尚不清楚这些更为复杂的动物是否拥有任何神经细胞。</p><p><br/></p>', '2015-05-09 09:16:41', 'system', '', '', '有些动物的大脑为何丢了？', 'knowledge', '', '0');
INSERT INTO `r_info` VALUES ('14', '\0', '<p style=\"margin-top: 0px; margin-bottom: 20px; padding: 0px; text-indent: 2em; color: rgb(53, 53, 53); font-family: &#39;microsoft yahei&#39;; line-height: 28px; white-space: normal; background-color: rgb(255, 255, 255);\">创可贴由于其方便、易用，是家庭常备的医疗用品之一。但最近网上一则“使用创可贴导致女童截肢”的消息引起了大家对创可贴使用的讨论。据报道，本月4日苏州一家医院收治了一名4岁女童雯雯，在送医时发现雯雯的左手中指末节发黑，已经坏死多日，需要进行截肢手术来防止病情进一步恶化。报道指出，雯雯的手指坏死，是因为受伤后，贴了张创可贴所致。</p><p style=\"margin-top: 0px; margin-bottom: 20px; padding: 0px; text-indent: 2em; color: rgb(53, 53, 53); font-family: &#39;microsoft yahei&#39;; line-height: 28px; white-space: normal; background-color: rgb(255, 255, 255);\">那么，为何贴了一张小小的创可贴会导致手指截肢这样严重的后果呢？在平时的生活中，如何安全、正确的使用创可贴呢？</p><p style=\"margin-top: 0px; margin-bottom: 20px; padding: 0px; text-indent: 2em; color: rgb(53, 53, 53); font-family: &#39;microsoft yahei&#39;; line-height: 28px; white-space: normal; background-color: rgb(255, 255, 255); text-align: center;\"><br/></p><p><img src=\"/ueditor/jsp/upload/image/20150509/1431134237219064616.jpg\" width=\"440\" height=\"293\" style=\"border: 0px; display: block;\"/></p><p><br/></p><p style=\"margin-top: 0px; margin-bottom: 20px; padding: 0px; text-indent: 2em; color: rgb(53, 53, 53); font-family: &#39;microsoft yahei&#39;; line-height: 28px; white-space: normal; background-color: rgb(255, 255, 255);\"><strong>创可贴其实是躺枪</strong></p><p style=\"margin-top: 0px; margin-bottom: 20px; padding: 0px; text-indent: 2em; color: rgb(53, 53, 53); font-family: &#39;microsoft yahei&#39;; line-height: 28px; white-space: normal; background-color: rgb(255, 255, 255);\">这则新闻公布后，引得大家纷纷表示“创可贴真可怕”。但其实仔细分析一下报道可以发现，创可贴在这一事件中只是“躺枪”，而“主凶”则另有其物。</p><p style=\"margin-top: 0px; margin-bottom: 20px; padding: 0px; text-indent: 2em; color: rgb(53, 53, 53); font-family: &#39;microsoft yahei&#39;; line-height: 28px; white-space: normal; background-color: rgb(255, 255, 255);\">我们来看看报道中的描写：“大约10天前，雯雯左手中指末端受伤，当时就用了一张创可贴包扎了一下。后来，担心创可贴松掉脱落，雯雯就自己又用布条将手指上的创可贴包扎了起来。”此外雯雯的奶奶在事后也表示“为防止布条松掉脱落，雯雯又在布条上，用牛皮筋进行缠裹。”可见，除了直接接触皮肤的创可贴外，雯雯的手指上至少还捆扎上了一根布条和牛皮筋，而后两者，更可能是造成雯雯中指截肢的真凶。</p><p style=\"margin-top: 0px; margin-bottom: 20px; padding: 0px; text-indent: 2em; color: rgb(53, 53, 53); font-family: &#39;microsoft yahei&#39;; line-height: 28px; white-space: normal; background-color: rgb(255, 255, 255);\">对于创可贴来说，其主要结构是一节具有粘性的胶布，胶布的粘性是其附着在皮肤和创面上的主要因素。同时由于创可贴宽度较大，因此对皮肤的压强较小，虽然过度缠紧会造成血流不畅，但很难绷紧到使得组织缺血甚至坏死的程度。而对于布条和牛皮筋来说就不同了：由于二者不具有粘性，因此需要依靠紧扎时产生的足够大的摩擦力才不至于滑脱，这就意味这需要将布条或皮筋紧紧的扎住。而由于布条较细，压迫面积小，因此同样的捆扎力下对皮肤压强更大；而牛皮筋由于具有很强的弹性，因此捆扎是产生的压迫更为严重。在这一事件中，雯雯是为了防止创可贴送掉而捆扎的布条，而橡皮筋则又是防止布条滑落缠上的，由此可见创可贴本身缠绕的并不紧实。因此说，造成雯雯手指坏死的元凶，并不是创可贴，而是布条和牛皮筋。而牛皮筋，则又是主凶中的主凶。</p><p><br/></p>', '2015-05-09 09:17:19', 'system', '', '', '创可贴何以至截肢？', 'knowledge', '', '0');
INSERT INTO `r_info` VALUES ('15', '\0', '<p><span style=\"color: rgb(51, 51, 51);font-size: 14px;line-height: 22px;text-indent: 28px;font-family: 宋体\">学校定于</span><span style=\"color: rgb(51, 51, 51);font-family: Simsun;font-size: 14px;line-height: 22px;text-indent: 28px;\"><span style=\"font-family:Calibri\">5</span></span><span style=\"color: rgb(51, 51, 51);font-size: 14px;line-height: 22px;text-indent: 28px;font-family: 宋体\">月</span><span style=\"color: rgb(51, 51, 51);font-family: Simsun;font-size: 14px;line-height: 22px;text-indent: 28px;\"><span style=\"font-family:Calibri\">16</span></span><span style=\"color: rgb(51, 51, 51);font-size: 14px;line-height: 22px;text-indent: 28px;font-family: 宋体\">日进行</span><span style=\"color: rgb(51, 51, 51);font-family: Simsun;font-size: 14px;line-height: 22px;text-indent: 28px;\"><span style=\"font-family:Calibri\">2015</span></span><span style=\"color: rgb(51, 51, 51);font-size: 14px;line-height: 22px;text-indent: 28px;font-family: 宋体\">年大型招生咨询会，届时将有行业、企业专家、高级技师亲临现场，对招生政策、专业知识和就业前景进行详细解答。</span></p>', '2015-05-09 09:32:44', 'system', '', '', '我校将于5月16日举办校园开放日', 'notice', '', '7');
INSERT INTO `r_info` VALUES ('16', '\0', '<p><span style=\"color: rgb(51, 51, 51);text-indent: 32px;line-height: 24px;font-family: Arial, sans-serif;font-size: 16px\">3</span><span style=\"color: rgb(51, 51, 51);text-indent: 32px;line-height: 24px;font-family: 宋体;font-size: 16px\">月</span><span style=\"color: rgb(51, 51, 51);text-indent: 32px;line-height: 24px;font-family: Arial, sans-serif;font-size: 16px\">11</span><span style=\"color: rgb(51, 51, 51);text-indent: 32px;line-height: 24px;font-family: 宋体;font-size: 16px\">日，黄庄职高会计专业</span><span style=\"color: rgb(51, 51, 51);text-indent: 32px;line-height: 24px;font-family: Arial, sans-serif;font-size: 16px\">“</span><span style=\"color: rgb(51, 51, 51);text-indent: 32px;line-height: 24px;font-family: 宋体;font-size: 16px\">曹明工作室</span><span style=\"color: rgb(51, 51, 51);text-indent: 32px;line-height: 24px;font-family: Arial, sans-serif;font-size: 16px\">”</span><span style=\"color: rgb(51, 51, 51);text-indent: 32px;line-height: 24px;font-family: 宋体;font-size: 16px\">在校内实训基地记账公司开始了新学期第一次</span><span style=\"color: rgb(51, 51, 51);text-indent: 32px;line-height: 24px;font-family: Arial, sans-serif;font-size: 16px\">“</span><span style=\"color: rgb(51, 51, 51);text-indent: 32px;line-height: 24px;font-family: 宋体;font-size: 16px\">会计真实业务引进校园，提升学生实践能力</span><span style=\"color: rgb(51, 51, 51);text-indent: 32px;line-height: 24px;font-family: Arial, sans-serif;font-size: 16px\">”</span><span style=\"color: rgb(51, 51, 51);text-indent: 32px;line-height: 24px;font-family: 宋体;font-size: 16px\">的主题活动。曹明是黄职会计专业优秀毕业生，目前是北京市悦铭缘企业管理顾问有限公司经理、“曹明工作室”主要负责人。她自去年与学校会计专业合作，将工作室与课堂教学结合，引入小规模纳税企业、一般纳税企业最前沿的真实业务，以此提高学生的职业能力。</span></p>', '2015-05-09 10:07:11', 'system', '', '', '会计专业“曹明工作室” 又开课了', 'notice', '', '4');
INSERT INTO `r_info` VALUES ('17', '\0', '<p style=\"color: rgb(51, 51, 51);font-family: Simsun;font-size: 14px;white-space: normal;line-height: 21px;text-indent: 36px\"><span style=\"font-family:宋体\"><span style=\"line-height: 27px;font-size: 18px\">为帮助全体教师尽快了解掌握微课设计制作的新技术、新理念，提升教师信息化教学素养和教育技术应用能力，1月28日，学校教科研处组织全校107名教师参加了“微课基础理论与制作技术”专题培训。</span></span></p><p style=\"color: rgb(51, 51, 51);font-family: Simsun;font-size: 14px;white-space: normal;line-height: 21px;text-indent: 36px\"><span style=\"line-height: 27px;font-size: 18px\"><span style=\"font-family:宋体\">本次培训分为基础理论学习和制作技术学习两个部分。学校分别邀请教育部全国职业院校信息化教学大赛评委、北京市首届职教名师、北京信息职业技术学院教学处处长贾清水老师，第一、二届全国微课大赛评委、北京市朝阳区教育研究中心信息技术教研员庞博老师为老师们进行讲解。</span></span></p><p><br/></p>', '2015-05-09 10:14:28', 'system', '', '', '“微课基础理论与制作技术” 培训', 'notice', '', '0');
INSERT INTO `r_info` VALUES ('18', '\0', '<p style=\"color: rgb(51, 51, 51);font-family: Simsun;font-size: 14px;line-height: 22px;white-space: normal\"><span style=\"font-family: 宋体\">&nbsp;烹饪专业教师郭文义被评为北京市十佳班主任。</span><span style=\"font-family:Times New Roman\">2008</span><span style=\"font-family: 宋体\">年</span><span style=\"font-family:Times New Roman\">11</span><span style=\"font-family: 宋体\">月</span><span style=\"font-family:Times New Roman\">10</span><span style=\"font-family: 宋体\">日</span><span style=\"font-family:Times New Roman\">20</span><span style=\"font-family: 宋体\">：</span><span style=\"font-family:Times New Roman\">10</span><span style=\"font-family: 宋体\">——</span><span style=\"font-family:Times New Roman\">21</span><span style=\"font-family: 宋体\">：</span><span style=\"font-family:Times New Roman\">00</span><span style=\"font-family: 宋体\">分，广播电视台对我校烹饪专业郭文义老师进行了</span><span style=\"font-family:Times New Roman\">50</span><span style=\"font-family: 宋体\">分钟的专访。</span></p><p style=\"color: rgb(51, 51, 51);font-family: Simsun;font-size: 14px;line-height: 22px;white-space: normal\"><span style=\"font-family: 宋体\">郭</span><span style=\"font-family: 宋体\">老师从班级管理、学生教育、烹饪技术等方面和主持人、听众朋友互动。宣传了我校烹饪专业。</span></p><p style=\"color: rgb(51, 51, 51);font-family: Simsun;font-size: 14px;line-height: 22px;white-space: normal\"><span style=\"font-family: 宋体\">&nbsp;&nbsp; 郭</span><span style=\"font-family: 宋体\">老师的学生刘健和他的母亲作为嘉宾，与主持人、听众朋友互动。给于了我校领导和老师高度的评价。</span></p><p><br/></p>', '2015-05-09 10:15:21', 'system', '', '', '郭文义被评为北京市十佳班主任', 'notice', '', '0');
INSERT INTO `r_info` VALUES ('19', '\0', '<p style=\"color: rgb(51, 51, 51);font-family: Simsun;font-size: 14px;white-space: normal;text-indent: 32px;line-height: 21px\"><span style=\"font-size: 16px;line-height: 24px\"><span style=\"font-family:Times New Roman\">2009</span></span><span style=\"font-size: 16px;line-height: 24px;font-family: 宋体\">年</span><span style=\"font-size: 16px;line-height: 24px\"><span style=\"font-family:Times New Roman\">1</span></span><span style=\"font-size: 16px;line-height: 24px;font-family: 宋体\">月</span><span style=\"font-size: 16px;line-height: 24px\"><span style=\"font-family:Times New Roman\">19</span></span><span style=\"font-size: 16px;line-height: 24px;font-family: 宋体\">日—</span><span style=\"font-size: 16px;line-height: 24px\"><span style=\"font-family:Times New Roman\">1</span></span><span style=\"font-size: 16px;line-height: 24px;font-family: 宋体\">月</span><span style=\"font-size: 16px;line-height: 24px\"><span style=\"font-family:Times New Roman\">24</span></span><span style=\"font-size: 16px;line-height: 24px;font-family: 宋体\">日和</span><span style=\"font-size: 16px;line-height: 24px\"><span style=\"font-family:Times New Roman\">2009</span></span><span style=\"font-size: 16px;line-height: 24px;font-family: 宋体\">年</span><span style=\"font-size: 16px;line-height: 24px\"><span style=\"font-family:Times New Roman\">1</span></span><span style=\"font-size: 16px;line-height: 24px;font-family: 宋体\">月</span><span style=\"font-size: 16px;line-height: 24px\"><span style=\"font-family:Times New Roman\">31</span></span><span style=\"font-size: 16px;line-height: 24px;font-family: 宋体\">日—</span><span style=\"font-size: 16px;line-height: 24px\"><span style=\"font-family:Times New Roman\">2</span></span><span style=\"font-size: 16px;line-height: 24px;font-family: 宋体\">月</span><span style=\"font-size: 16px;line-height: 24px\"><span style=\"font-family:Times New Roman\">13</span></span><span style=\"font-size: 16px;line-height: 24px;font-family: 宋体\">日，烹饪专业安排学生杨利飞、李旭、赵杰、康迪、杨欢等</span><span style=\"font-size: 16px;line-height: 24px\"><span style=\"font-family:Times New Roman\">5</span></span><span style=\"font-size: 16px;line-height: 24px;font-family: 宋体\">人利用寒假到北京射击场宾馆进行短期实训。</span></p><p style=\"color: rgb(51, 51, 51);font-family: Simsun;font-size: 14px;white-space: normal;text-indent: 32px;line-height: 21px\"><span style=\"font-size: 16px;line-height: 24px;font-family: 宋体\">学生在工作中虚心好学，任劳任怨，受到宾馆领导和厨师长的好评，并且表示愿意与我校烹饪专业长期合作。</span></p><p style=\"color: rgb(51, 51, 51);font-family: Simsun;font-size: 14px;white-space: normal;text-indent: 32px;line-height: 21px\"><span style=\"font-size: 16px;line-height: 24px;font-family: 宋体\">此举，既是对烹饪专业教学内容、教学水平的检验，也为该专业形成校内实习与企业实训相结合的教学特色增添了一份宝贵经验。</span></p><p><br/></p>', '2015-05-09 10:16:45', 'system', '', '', '烹饪专业校企结合特色添新章', 'notice', '', '0');



